School Name,State Rank,Total Schools
Village School,1,1242
Brooklyn Latin School (The),2,1242
Stuyvesant High School,3,1242
Scarsdale Senior High School,4,1242
Edgemont Junior-Senior High School,5,1242
Bronx High School Of Science (The),6,1242
High School Mathematics Science And Engineering At Ccny,7,1242
Staten Island Technical High School,8,1242
Briarcliff High School,9,1242
Queens High School For The Sciences At York College,10,1242
Keene Central School,11,1242
Bronxville High School,12,1242
Great Neck South High School,13,1242
Garden City High School,14,1242
Blind Brook High School,15,1242
Brooklyn Technical High School,16,1242
Jericho Senior High School,17,1242
Hastings High School,18,1242
North Shore Senior High School,19,1242
High School Of American Studies At Lehman College,20,1242
Syosset Senior High School,21,1242
Byram Hills High School,22,1242
Herricks High School,23,1242
East Aurora High School,24,1242
Bethlehem Central Senior High School,25,1242
Wheatley School,26,1242
New Hartford Senior High School,27,1242
Pittsford-Mendon High School,28,1242
Cold Spring Harbor High School,29,1242
Fayetteville-Manlius Senior High School,30,1242
Horace Greeley High School,31,1242
Manhasset Secondary School,32,1242
Skaneateles Senior High School,33,1242
Corning Painted Post High School Learning Center,34,1242
Honeoye Falls-Lima Senior High School,35,1242
Pittsford Sutherland High School,36,1242
Harborfields High School,37,1242
Rye High School,38,1242
Williamsville East High School,39,1242
Robert M Grable Junior Mount Sinai High School,40,1242
Pleasantville High School,41,1242
Irvington High School,42,1242
Half Hollow Hills High School West,43,1242
Plainview-Old Bethpage/Jfk High School,44,1242
Columbia High School,45,1242
Yorktown High School,46,1242
Great Neck North High School,47,1242
John Jay High School,48,1242
Clarence Senior High School,49,1242
Lake George Junior-Senior High School,50,1242
Spackenkill High School,51,1242
Ardsley High School,52,1242
North Salem Middle School/High School,53,1242
H C Williams Senior High School,54,1242
Gen Douglas MacArthur Senior High School,55,1242
Ward Melville Senior High School,56,1242
Eastchester Senior High School,57,1242
Ellicottville Middle School High School,58,1242
Starpoint High School,59,1242
Millennium High School,60,1242
Massapequa High School,61,1242
Harrison High School,62,1242
Cooperstown Junior/Senior High School,63,1242
Amherst Central High School,64,1242
Jamesville-Dewitt High School,65,1242
Dobbs Ferry High School,66,1242
Portville Junior-Senior High School,67,1242
Clayton A Bouton High School,68,1242
Sayville High School,69,1242
W Tresper Clarke High School,70,1242
Burnt Hills-Ballston Lake Senior High School,71,1242
Clinton School (The),72,1242
Niskayuna High School,73,1242
Commack High School,74,1242
Bethpage Senior High School,75,1242
Paul D Schreiber Senior High School,76,1242
North Collins Junior-Senior High School,77,1242
Shoreham-Wading River High School,78,1242
Lewiston Porter Senior High School,79,1242
Schuylerville High School,80,1242
East Meadow High School,81,1242
Pelham Memorial High School,82,1242
Roslyn High School,83,1242
Haldane High School,84,1242
High School For Dual Language And Asian Studies,85,1242
Clinton Senior High School,86,1242
Pierson Middle/High School,87,1242
Vestal Senior High School,88,1242
City Honors School,89,1242
Maple Grove Junior/Senior High School,90,1242
Somers Senior High School,91,1242
Success Academy Charter School-Harlem 1,92,1242
Orchard Park High School,93,1242
Smithtown High School-West,94,1242
Perry Junior-Senior High School,95,1242
Northport Senior High School,96,1242
Bayport-Blue Point High School,97,1242
South Kortright Central School,98,1242
Ogdensburg Free Academy,99,1242
West Islip Senior High School,100,1242
Westfield High School,101,1242
Columbia Secondary School,102,1242
Pavilion Junior-Senior High School,103,1242
Salem High School,104,1242
Beaver River Senior High School,105,1242
Barker Central School,106,1242
New Explorations Into Sciencetech And Math High School,107,1242
Smithtown High School East,108,1242
New Hyde Park Memorial High School,109,1242
Kings Park High School,110,1242
Tappan Zee High School,111,1242
Arkport Central School,112,1242
Donald H Crane Junior/Senior High School,113,1242
Hauppauge High School,114,1242
Wellington C Mepham High School,115,1242
Chittenango High School,116,1242
Remsen Junior-Senior High School,117,1242
Brighton High School,118,1242
Morristown Central School,119,1242
Fairport Senior High School,120,1242
Warwick Valley High School,121,1242
South Side High School,122,1242
Pearl River High School,123,1242
Warsaw Senior High School,124,1242
Hamilton Junior-Senior High School,125,1242
Earl L Vandermeulen High School,126,1242
Oriskany Junior-Senior High School,127,1242
Mamaroneck High School,128,1242
Williamsville North High School,129,1242
Lancaster High School,130,1242
Bolton Central School,131,1242
Millennium Brooklyn High School,132,1242
Johnsburg Central School,133,1242
Shenendehowa High School,134,1242
Fonda-Fultonville Senior High School,135,1242
Babylon Junior-Senior High School,136,1242
Chazy Central Rural Junior-Senior High School,137,1242
Weedsport Junior-Senior High School,138,1242
Lisbon Central School,139,1242
Tioga Senior High School,140,1242
Cazenovia High School,141,1242
Nanuet Senior High School,142,1242
Canandaigua Academy,143,1242
Victor Senior High School,144,1242
Townsend Harris High School,145,1242
Sanford H Calhoun High School,146,1242
Lynbrook Senior High School,147,1242
Hammond Central School,148,1242
Prattsburgh Central School,149,1242
Grand Island Senior High School,150,1242
Scholars' Academy,151,1242
Cornwall Central High School,152,1242
Rhinebeck Senior High School,153,1242
Williamsville South High School,154,1242
Greenwich Junior-Senior High School,155,1242
Division Avenue Senior High School,156,1242
Fort Ann Middle/High School,157,1242
Baruch College Campus High School,158,1242
Clarkstown South Senior High School,159,1242
Franklinville Junior-Senior High School,160,1242
Special Music School,161,1242
Connetquot High School,162,1242
Saratoga Springs High School,163,1242
Wantagh Senior High School,164,1242
John F Kennedy High School,165,1242
Ithaca Senior High School,166,1242
Panama High School,167,1242
Penfield Senior High School,168,1242
Mattituck Junior-Senior High School,169,1242
Csi High School For International Studies,170,1242
Hamburg High School,171,1242
Colton-Pierrepont Central School,172,1242
Long Lake Central School,173,1242
Miller Place High School,174,1242
Eleanor Roosevelt High School,175,1242
Chenango Forks High School,176,1242
Sackets Harbor Central School,177,1242
Thousand Islands High School,178,1242
Alfred-Almond Junior-Senior High School,179,1242
Elwood/John Glenn High School,180,1242
Tuckahoe High School,181,1242
Griffith Institute High School,182,1242
Manhattan Center For Science & Mathematics,183,1242
Chautauqua Lake Secondary School,184,1242
Maine-Endwell Senior High School,185,1242
Alden Senior High School,186,1242
Valley Stream South High School,187,1242
Byron-Bergen Junior/Senior High School,188,1242
Guilderland High School,189,1242
Avoca Central School,190,1242
Westlake High School,191,1242
Half Hollow Hills High School East,192,1242
George F Baker High School,193,1242
Locust Valley High School,194,1242
Saint Regis Falls Central School,195,1242
Onondaga Senior High School,196,1242
Tully Junior-Senior High School,197,1242
Wilson Middle/High School,198,1242
Friendship Central School,199,1242
Lakeland High School,200,1242
La Fargeville Central School,201,1242
Randolph Senior High School,202,1242
Thomas High School,203,1242
Greene High School,204,1242
Pembroke Junior-Senior High School,205,1242
Marcus Whitman High School,206,1242
Kendall Junior-Senior High School,207,1242
Edwards-Knox Junior-Senior High School,208,1242
Eastport-South Manor Junior Senior High School,209,1242
Pioneer Senior High School,210,1242
Manhattan/Hunter Science High School,211,1242
Southern Cayuga 7-12 Secondary School,212,1242
Seaford Senior High School,213,1242
Madrid-Waddington Junior-Senior High School,214,1242
Union Springs High School,215,1242
Akron High School,216,1242
Fiorello H Laguardia High School,217,1242
Clarkstown North Senior High School,218,1242
Horseheads Senior High School,219,1242
Brooklyn Bridge Academy,220,1242
Fillmore Central School,221,1242
Shaker High School,222,1242
Morris Central School,223,1242
Baccalaureate School For Global Education,224,1242
Le Roy Junior-Senior High School,225,1242
Eden Middle & High School,226,1242
Potsdam Senior High School,227,1242
New Paltz Senior High School,228,1242
Belfast School,229,1242
Stillwater Middle School High School,230,1242
Sherman High School,231,1242
Sandy Creek High School,232,1242
Marion Junior-Senior High School,233,1242
Westhampton Beach Senior High School,234,1242
Alexandria Central High School,235,1242
Frewsburg Junior-Senior High School,236,1242
Bradford Central School,237,1242
Geneseo Middle School High School,238,1242
Bard High School Early College Queens,239,1242
Carmel High School,240,1242
Plainedge Senior High School,241,1242
Morrisville Middle School High School,242,1242
High School For Community Leadership,243,1242
Fredonia High School,244,1242
Lowville High School,245,1242
Chateaugay High School,246,1242
Beekmantown High School,247,1242
Holland Patent Central High School,248,1242
Hunter-Tannersville Middle School High School,249,1242
Allegany-Limestone Middle-High School,250,1242
Aviation Career And Technical Education High School,251,1242
Floral Park Memorial High School,252,1242
Sullivan West High School At Lake Huntington,253,1242
Honeoye Middle/High School,254,1242
Edmeston Central School,255,1242
Valley Stream Central High School,256,1242
Copenhagen Central School,257,1242
Webster-Schroeder High School,258,1242
Naples High School,259,1242
George W Hewlett High School,260,1242
Iroquois Senior High School,261,1242
Sauquoit Valley High School,262,1242
Carle Place Middle Senior High School,263,1242
Moravia Junior-Senior High School,264,1242
Rye Neck Senior High School,265,1242
Owego Free Academy,266,1242
West Genesee Senior High School,267,1242
Croton-Harmon High School,268,1242
Nyc Lab High School For Collaborative Studies,269,1242
Pawling High School,270,1242
Bedford Academy High School,271,1242
Lake Placid Junior-Senior High School,272,1242
Whitesboro High School,273,1242
Canaseraga School,274,1242
Colonie Central High School,275,1242
Caledonia-Mumford Middle/High School,276,1242
Germantown Junior-Senior High School,277,1242
Hilton High School,278,1242
Oneonta Senior High School,279,1242
Onteora High School,280,1242
East Islip High School,281,1242
Frontier Senior High School,282,1242
Rocky Point High School,283,1242
Attica Senior High School,284,1242
Alexander Middle School-High School,285,1242
Susquehanna Valley Senior High School,286,1242
McGraw Secondary School,287,1242
Penn Yan Academy,288,1242
Red Hook Senior High School,289,1242
Cattaraugus-Little Valley High School,290,1242
Southwestern Senior High School,291,1242
Cambridge Junior-Senior High School,292,1242
Niagara-Wheatfield Senior High School,293,1242
Holland High School,294,1242
Harrisville Junior-Senior High School,295,1242
Walter Panas High School,296,1242
Indian River High School,297,1242
H Frank Carey High School,298,1242
Valley Stream North High School,299,1242
Charles O Dickerson High School,300,1242
Hadley-Luzerne Junior-Senior High School,301,1242
Fishers Island School,302,1242
Windham Ashland Central School,303,1242
Hammondsport Junior-Senior High School,304,1242
Roxbury Central School,305,1242
Milford Central School,306,1242
Cincinnatus High School,307,1242
Town Of Webb School,308,1242
Valhalla High School,309,1242
Cicero-North Syracuse High School,310,1242
Valley Central High School,311,1242
General Brown Junior-Senior High School,312,1242
Ichabod Crane Senior High School,313,1242
Francis Lewis High School,314,1242
School 7-Oceanside Senior High School,315,1242
Fox Lane High School,316,1242
Manhattan Village Academy,317,1242
Island Trees High School,318,1242
Hartford Middle/High School,319,1242
Avon High School,320,1242
Letchworth Senior High School,321,1242
Hinsdale Central School,322,1242
Queensbury Senior High School,323,1242
Marcellus High School,324,1242
John V Lindsay Wildcat Academy Charter School,325,1242
Windsor Central High School,326,1242
Pine Bush Senior High School,327,1242
Chenango Valley High School,328,1242
Nyack Senior High School,329,1242
Nyc Museum School,330,1242
Saugerties Senior High School,331,1242
Bloomfield High School,332,1242
Charles W Baker High School,333,1242
Broadalbin-Perth Junior-Senior High School,334,1242
Oakfield-Alabama Middle School High School,335,1242
South Jefferson High School,336,1242
Mayfield Junior/Senior High School,337,1242
Sidney High School,338,1242
Long Beach High School,339,1242
Providing Urban Learners Success In Education High School,340,1242
Mahopac High School,341,1242
Walt Whitman High School,342,1242
Pharos Academy Charter School,343,1242
Monroe-Woodbury High School,344,1242
Wallkill Senior High School,345,1242
Delaware Academy High School,346,1242
Catskill Senior High School,347,1242
Lansing High School,348,1242
Willsboro Central School,349,1242
Newfane Senior High School,350,1242
Stissing Mountain Junior/Senior High School,351,1242
Hornell Junior-Senior High School,352,1242
Lyme Central School,353,1242
Jasper-Troupsburg Junior-Senior High School,354,1242
Putnam Valley High School,355,1242
Bainbridge-Guilford High School,356,1242
Margaretville Central School,357,1242
Frankfort-Schuyler Central High School,358,1242
Palmyra-Macedon Senior High School,359,1242
Nyc Ischool,360,1242
Poland Junior-Senior High School,361,1242
L A Webber Middle-High School,362,1242
Saranac High School,363,1242
Oyster Bay High School,364,1242
Scotia-Glenville Senior High School,365,1242
Gowanda High School,366,1242
Brooklyn Prospect Charter School - Central School District 15.2,367,1242
Irondequoit High School,368,1242
Churchville-Chili Senior High School,369,1242
Chatham High School,370,1242
Arlington High School,371,1242
Ballston Spa Senior High School,372,1242
Academy For College Prep And Career Exp,373,1242
Schalmont High School,374,1242
Maple Hill Junior/Senior High School,375,1242
Marathon High School,376,1242
Canisteo-Greenwood High School,377,1242
Waterford-Halfmoon Junior-Senior High School,378,1242
Depew High School,379,1242
Marlboro Central High School,380,1242
Royalton-Hartland High School,381,1242
Bard High School Early College,382,1242
Millbrook High School,383,1242
Sachem High School East,384,1242
Worcester School,385,1242
Goshen Central High School,386,1242
Deposit Middle-Senior High School,387,1242
International Leadership Charter High School,388,1242
Oxford Academy High School,389,1242
Genesee Valley Central School,390,1242
S S Seward Institute,391,1242
Livonia Middle/High School,392,1242
Waterville Junior/Senior High School,393,1242
Art And Design High School,394,1242
Westhill High School,395,1242
Jordan-Elbridge High School,396,1242
Southold Junior-Senior High School,397,1242
Suffern Senior High School,398,1242
Gouverneur High School,399,1242
South Glens Falls Senior High School,400,1242
Academy Of Finance And Enterprise,401,1242
Homer Senior High School,402,1242
Minisink Valley High School,403,1242
Centereach High School,404,1242
Cuba-Rushford High School,405,1242
Newark Valley Senior High School,406,1242
Saranac Lake Senior High School,407,1242
Kenmore East Senior High School,408,1242
Downsville Central School,409,1242
Dansville High School,410,1242
Spencerport High School,411,1242
Romulus Central School,412,1242
Central Park East High School,413,1242
Ruben A Cirillo High School,414,1242
Duanesburg High School,415,1242
Galway Junior/Senior High School,416,1242
Forestville Central High School,417,1242
Bridgehampton School,418,1242
Stockbridge Valley Central School,419,1242
Unadilla Valley Secondary School,420,1242
Deer Park High School,421,1242
Malverne Senior High School,422,1242
Cherry Valley-Springfield Central School,423,1242
Brooklyn College Academy,424,1242
John Jay Senior High School,425,1242
Middleburgh Junior/Senior High School,426,1242
Mount Markham Senior High School,427,1242
Argyle Junior/Senior High School,428,1242
Brookfield Central School,429,1242
Tamarac Middle School High School,430,1242
Tri-Valley Secondary School,431,1242
Heuvelton Central School,432,1242
Mynderse Academy,433,1242
Candor Junior-Senior High School,434,1242
Owen D Young Central School,435,1242
East Rockaway Junior-Senior High School,436,1242
Queens Gateway To Health Sciences Secondary School,437,1242
High School-Construction Trades Engineering & Architecture,438,1242
Sachem High School North,439,1242
Roscoe Central School,440,1242
Thomas A Edison High School,441,1242
Baldwin Senior High School,442,1242
Fabius-Pompey Middle School High School,443,1242
Berne-Knox-Westerlo Junior-Senior High School,444,1242
New Lebanon Junior-Senior High School,445,1242
Midwood High School,446,1242
Clymer Central School,447,1242
Islip High School,448,1242
Charles D'Amico High School,449,1242
Frank Sinatra School Of The Arts High School,450,1242
Newfield Senior High School,451,1242
South Bronx Preparatory - A College Board School,452,1242
Hendrick Hudson High School,453,1242
Park East High School,454,1242
Liverpool High School,455,1242
Farmingdale Senior High School,456,1242
Brockport High School,457,1242
Vernon-Verona-Sherrill Senior High School,458,1242
West End Secondary School,459,1242
Spencer-Van Etten High School,460,1242
Parishville-Hopkinton Junior-Senior High School,461,1242
Kenmore West Senior High School,462,1242
Professional Performing Arts High School,463,1242
Averill Park High School,464,1242
Plattsburgh Senior High School,465,1242
Wayne Senior High School,466,1242
West Seneca West Senior High School,467,1242
York Middle/High School,468,1242
Washingtonville Senior High School,469,1242
Leon M Goldstein High School For The Sciences,470,1242
Northeastern Clinton Senior High School,471,1242
Rush-Henrietta Senior High School,472,1242
Medina Junior-Senior High School,473,1242
Harvey Milk High School,474,1242
Chester Academy-Middle/High School,475,1242
Comsewogue High School,476,1242
Elba Junior-Senior High School,477,1242
Glens Falls Senior High School,478,1242
North Tonawanda High School,479,1242
Peru High School,480,1242
East Rochester Junior-Senior High School,481,1242
Midlakes Middle/High School,482,1242
Canastota High School,483,1242
Bay Shore Senior High School,484,1242
South Lewis High School,485,1242
Cleveland Hill High School,486,1242
West Hempstead Secondary School,487,1242
Kingsborough Early College School,488,1242
Hoosic Valley Junior Senior High School,489,1242
Shelter Island School,490,1242
Cassadaga Valley Middle/High School,491,1242
KIPP Academy Charter School,492,1242
Academy Of American Studies,493,1242
Newfield High School,494,1242
Patchogue-Medford High School,495,1242
Hoosick Falls High School,496,1242
Odessa-Montour Junior/Senior High School,497,1242
East Hampton High School,498,1242
Belleville Henderson Central School,499,1242
Wayland-Cohocton High School,500,1242
North Rockland High School,501,1242
James A Green Junior-Senior High School,502,1242
Corinth High School,503,1242
Pine Valley Central Junior-Senior High School,504,1242
Adirondack High School,505,1242
Northern Adirondack Middle/High School,506,1242
Cobleskill-Richmondville High School,507,1242
Haverling Senior High School,508,1242
Dryden High School,509,1242
East-West School Of International Studies,510,1242
James I O'Neill High School,511,1242
Greenville High School,512,1242
Wellsville Secondary School,513,1242
Mechanicville Junior/Senior High School,514,1242
Cato-Meridian Junior-Senior High School,515,1242
Falconer Middle/High School,516,1242
Lindenhurst Senior High School,517,1242
Sherburne-Earlville Senior High School,518,1242
West Seneca East Senior High School,519,1242
Johnstown High School,520,1242
Camden Senior High School,521,1242
Paul V Moore High School,522,1242
Sleepy Hollow High School,523,1242
Union-Endicott High School,524,1242
Unatego Junior-Senior High School,525,1242
Olean Senior High School,526,1242
Center Moriches High School,527,1242
East Syracuse Minoa Central High School,528,1242
New York Mills School,529,1242
Cortland High School,530,1242
Mineola High School,531,1242
Campbell-Savona Junior/Senior High School,532,1242
Granville Junior-Senior High School,533,1242
North Warren Central School,534,1242
Richfield Springs Junior/Senior High School,535,1242
Canajoharie Senior High School,536,1242
Lake Shore Senior High School,537,1242
Urban Assembly New York Harbor School,538,1242
Indian Lake Central School,539,1242
Williamson Senior High School,540,1242
Port Chester Senior High School,541,1242
Yonkers High School,542,1242
Pulaski Middle-High School,543,1242
Dundee Junior-Senior High School,544,1242
Schenevus Central School,545,1242
La Fayette Junior-Senior High School,546,1242
Thomas A Edison Career And Technical Education High School,547,1242
Buffalo Academy Of Science Charter School,548,1242
Norwood-Norfolk School,549,1242
Scio Central School,550,1242
Highland High School,551,1242
Southampton High School,552,1242
Longwood High School,553,1242
Queens High School For Language Studies,554,1242
Oneida Senior High School,555,1242
Mountain View Campus,556,1242
University Neighborhood High School,557,1242
Ravena-Coeymans-Selkirk Senior High School,558,1242
Sweet Home Senior High School,559,1242
Maryvale High School,560,1242
Cairo-Durham High School,561,1242
KIPP Infinity Charter School,562,1242
Auburn High School,563,1242
Dover High School,564,1242
Hampton Bays High School,565,1242
Harpursville Junior-Senior High School,566,1242
New Roots Charter School,567,1242
Corning-Painted Post High School,568,1242
Science Technology & Research Early College,569,1242
Mohonasen Senior High School,570,1242
Addison Middle/High School,571,1242
Port Jervis Senior High School,572,1242
Fort Edward School,573,1242
Elmont Memorial High School,574,1242
Fort Plain Junior-Senior High School,575,1242
Hancock Junior-Senior High School,576,1242
West Babylon Senior High School,577,1242
Gilboa-Conesville Central School,578,1242
Livingston Manor High School,579,1242
Waverly High School,580,1242
Newcomb Central School,581,1242
Harlem Children's Zone Promise Academy Charter School,582,1242
Queens Metropolitan High School,583,1242
Carthage Senior High School,584,1242
Ausable Valley High School,585,1242
Taconic Hillsjunior/Senior High School,586,1242
Norwich High School,587,1242
West Brooklyn Community High School,588,1242
Mexico High School,589,1242
Warrensburg Junior-Senior High School,590,1242
Whitney Point Senior High School,591,1242
John C Birdlebough High School,592,1242
Red Creek High School,593,1242
Groton Junior/Senior High School,594,1242
Schroon Lake Central School,595,1242
Gaynor McCown Expeditionary Learning School,596,1242
Oppenheim-Ephratah-St Johnsville Junior/Senior High School,597,1242
Science Skills Center High School,598,1242
Laurens Central School,599,1242
Benjamin Banneker Academy,600,1242
Urban Assembly School For Law And Justice (The),601,1242
North Babylon High School,602,1242
Roy C Ketcham Senior High School,603,1242
Gilbertsville-Mount Upton Junior-Senior High School,604,1242
Silver Creek High School,605,1242
Williamsburg High School For Architecture And Design,606,1242
Schoharie High School,607,1242
Little Falls High School,608,1242
West Canada Valley Junior-Senior High School,609,1242
Hicksville High School,610,1242
White Plains Senior High School,611,1242
Stamford Central School,612,1242
Coxsackie-Athens High School,613,1242
Medgar Evers College Preparatory School,614,1242
Wells School,615,1242
Brushton-Moira High School,616,1242
Walton High School,617,1242
Murray Hill Academy,618,1242
Hermon-Dekalb Central School,619,1242
John F Kennedy Senior High School,620,1242
Brewster High School,621,1242
Kingston High School,622,1242
Otselic Valley Central School,623,1242
Northville High School,624,1242
Port Byron Senior High School,625,1242
Brooklyn School For Math And Research (The),626,1242
Gates Chili High School,627,1242
Sewanhaka High School,628,1242
Middletown High School,629,1242
Riverhead Charter School,630,1242
Saunders Trades & Technical High School,631,1242
Herkimer High School,632,1242
Crown Point Central School,633,1242
All City Leadership Secondary School,634,1242
Dalton-Nunda Secondary School,635,1242
Berlin Middle School/High School,636,1242
Andes Central School,637,1242
Harlem Village Academy North Charter School,638,1242
Watertown Senior High School,639,1242
Health Arts Robotics And Technology High School,640,1242
Johnson City Senior High School,641,1242
Watkins Glen Central High School,642,1242
Preparatory Academy For Writers: A College Board School,643,1242
Susan E Wagner High School,644,1242
G Ray Bodley High School,645,1242
Renaissance Charter School,646,1242
Bronx Center For Science And Mathematics,647,1242
Bolivar-Richburg Junior-Senior High School,648,1242
Beacon High School,649,1242
Oswego High School,650,1242
Franklin Central School,651,1242
Lower East Side Preparatory High School,652,1242
Central Valley Academy,653,1242
Unity Center For Urban Technologies,654,1242
Manhattan Comprehensive Night And Day High School,655,1242
Sharon Springs Central School,656,1242
Academy Charter School,657,1242
Eastridge Senior High School,658,1242
Fort Hamilton High School,659,1242
High School Of Economics & Finance,660,1242
Charlotte Valley School,661,1242
Castleton Academy High School Of Oceanside,662,1242
Saint Lawrence High School,663,1242
Massena Senior High School,664,1242
James Madison High School,665,1242
Lansingburgh Senior High School,666,1242
Manhattan Bridges High School,667,1242
Gramercy Arts High School,668,1242
Hostos-Lincoln Academy Of Science,669,1242
Bayside High School,670,1242
Talent Unlimited High School,671,1242
New Rochelle High School,672,1242
Urban Assembly Charter School For Computer Science,673,1242
Red Jacket High School,674,1242
Marble Hill High School Of International Studies,675,1242
West Valley Central School,676,1242
Woodlands Middle/High School,677,1242
Holley Junior Senior High School,678,1242
Riverdale/Kingsbridge Academy (Ms/High School 141),679,1242
Ticonderoga Junior-Senior High School,680,1242
Richard R Green High School Of Teaching,681,1242
Benjamin Franklin High School-Fin Info Technical,682,1242
Wheatland-Chili High School,683,1242
Greenport High School,684,1242
Eldred Junior-Senior High School,685,1242
Benjamin N Cardozo High School,686,1242
World Journalism Preparatory: A College Board School,687,1242
Young Women's Leadership School,688,1242
York Early College Academy,689,1242
Frederick Olmsted #156,690,1242
Bronx Health Sciences High School,691,1242
Digital Arts And Cinema Technology High School,692,1242
Brentwood High School,693,1242
Moriah Junior-Senior High School,694,1242
Young Women's Leadership School-Queens,695,1242
Yonkers Montessori Academy,696,1242
Maspeth High School,697,1242
Jamestown High School,698,1242
A Philip Randolph Campus High School,699,1242
Mount Morris Middle/Senior High School,700,1242
Franklin D Roosevelt Senior High School,701,1242
Harlem Village Academy East Charter School,702,1242
Whitesville Central School,703,1242
Young Women's Leadership School Of The Bronx,704,1242
Franklin Academy High School,705,1242
High School For Arts And Business,706,1242
Tottenville High School,707,1242
Madison Central School,708,1242
High School For Health Professions & Human Services,709,1242
Solvay High School,710,1242
Forest Hills High School,711,1242
Tupper Lake Middle-High School,712,1242
Academy For Language And Technology,713,1242
Urban Assembly Gateway School For Technology,714,1242
Rondout Valley High School,715,1242
Hutchinson Central Technical High School,716,1242
Tonawanda Middle/High School,717,1242
City College Academy Of The Arts,718,1242
Brocton Middle High School,719,1242
Utica Academy Of Science Charter School,720,1242
Troy High School,721,1242
Olympus Academy,722,1242
Brooklyn High School Of The Arts,723,1242
Jamaica Gateway To The Sciences,724,1242
William Floyd High School,725,1242
High School For Environmental Studies,726,1242
Afton Junior/Senior High School,727,1242
Huntington High School,728,1242
Rome Free Academy,729,1242
Edward R Murrow High School,730,1242
Walter G O'Connell Copiague High School,731,1242
Renaissance High School For Musical Theater And The Arts,732,1242
Rachel Carson High School For Coastal Studies,733,1242
New Utrecht High School,734,1242
Lockport High School,735,1242
Whitehall Junior-Senior High School,736,1242
Deruyter High School,737,1242
Rebecca Turner Academy,738,1242
Manhattan Early College School For Advertising,739,1242
Bronx River High School,740,1242
Orchard Collegiate Academy,741,1242
Cohoes High School,742,1242
Athena High School,743,1242
Robert H Goddard High School-Community/Technical,744,1242
Pathways College Preparatory School: A College Board School,745,1242
Institute Of Technology At Syracuse Central,746,1242
University Prep Charter High School,747,1242
Sodus Junior/Senior High School,748,1242
Andover School,749,1242
Young Womens Leadership School - Astoria,750,1242
South Seneca Middle/High School,751,1242
Hudson High School,752,1242
Discovery High School,753,1242
Salamanca High School,754,1242
North Rose-Wolcott High School,755,1242
Olympia High School,756,1242
John Adams High School,757,1242
Dr Richard Izquierdo Health And Science Charter School,758,1242
Pan American International High School At Monroe,759,1242
Williamsburg Preparatory School,760,1242
Uniondale High School,761,1242
High School Of Fashion Industries (The),762,1242
Metropolitan Expeditionary Learning School,763,1242
Ossining High School,764,1242
Westbury High School,765,1242
Excelsior Preparatory High School,766,1242
New Dorp High School,767,1242
Dewitt Clinton High School,768,1242
Altmar-Parish-Williamstown Junior/Senior High School,769,1242
Business Technology Early College High School,770,1242
Brooklyn Studio Secondary School,771,1242
Rensselaer Junior/Senior High School,772,1242
Ellenville Junior/Senior High School,773,1242
Information Technology High School,774,1242
Celia Cruz Bronx High School Of Music (The),775,1242
John Dewey High School,776,1242
Freeport High School,777,1242
Queens Technical High School,778,1242
Veritas Academy,779,1242
Frank McCourt High School,780,1242
Waterloo High School,781,1242
Metropolitan Diploma Plus High School,782,1242
Mount Vernon Steam Academy,783,1242
Thomas R Proctor High School,784,1242
Math/Science Research/Technical Magnet,785,1242
Michael J Petrides School (The),786,1242
Morris Academy For Collaborative Studies,787,1242
Cheektowaga High School,788,1242
Robert F Wagner Junior Secondary School For Arts And Technology,789,1242
Glen Cove High School,790,1242
United Charter High School For Advanced Math And Science II,791,1242
Urban Assembly School For Leadership And Empowerment,792,1242
Central Islip Senior High School,793,1242
Flushing International High School,794,1242
Comprehensive Model School Project Middle School 327,795,1242
Coney Island Preparatory Public Charter School,796,1242
International School For Liberal Arts,797,1242
Hudson Falls High School,798,1242
Collegiate Institute For Math And Science,799,1242
Clifton-Fine Junior-Senior High School,800,1242
Batavia High School,801,1242
High School Of World Cultures,802,1242
Franklin Delano Roosevelt High School,803,1242
Millenium Art Academy,804,1242
Urban Assembly Academy Of Government And Law,805,1242
Gloversville High School,806,1242
Mott Hall Bronx High School,807,1242
Elmira High School,808,1242
Boerum Hill School For International Studies (The),809,1242
School Of The Arts,810,1242
Bronx High School For Writing And Communication Arts,811,1242
Newark Senior High School,812,1242
Liberty High School,813,1242
Webutuck High School,814,1242
Buffalo Academy For The Visual & Performing Arts,815,1242
Monticello High School,816,1242
Repertory Company High School For Theatre Arts,817,1242
Chelsea Career And Technical Education High School,818,1242
High School Of Computers And Technology,819,1242
Lyons Senior High School,820,1242
Academy Charter School-Uniondale,821,1242
Lewis J Bennett High School Of Innovative Technolgy,822,1242
Arcadia High School,823,1242
Energy Technical High School,824,1242
Queens Collegiate - A College Board School,825,1242
Riverhead Senior High School,826,1242
Brooklyn Academy Of Science And The Environment,827,1242
Roosevelt High School - Early College Studies,828,1242
Queens Academy High School,829,1242
New Ventures Charter School,830,1242
Manhattan Business Academy,831,1242
Bronx Preparatory Charter School,832,1242
Achievement First East New York Charter School,833,1242
Robert F Kennedy Community High School,834,1242
Alexander Hamilton High School,835,1242
Early College Charter School,836,1242
John Bowne High School,837,1242
Eagle Academy For Young Men II,838,1242
Abraham Lincoln High School,839,1242
Denzel Washington School-Arts,840,1242
Harry S Truman High School,841,1242
Charter School For Applied Technologies,842,1242
Academy Of Innovative Technology,843,1242
Fallsburg Junior Senior High School,844,1242
Academy For Careers In Television And Film,845,1242
Martin Van Buren High School,846,1242
New Heights Academy Charter School,847,1242
Lincoln High School,848,1242
Charter School Of Educational Excellence,849,1242
Civic Leadership Academy,850,1242
College Academy (The),851,1242
Fordham High School For The Arts,852,1242
Kenmore Junior-Senior High School,853,1242
Geneva High School,854,1242
Bronx High School For The Visual Arts,855,1242
Westchester Square Academy,856,1242
Equality Charter School,857,1242
W H Maxwell Career And Technical Education High School,858,1242
Curtis High School,859,1242
Queens School Of Inquiry (The),860,1242
Edward A Reynolds West Side High School,861,1242
Williamsburg High School Of Art And Technology (The),862,1242
Urban Assembly Maker Academy,863,1242
Union Square Academy For Health Sciences,864,1242
Syracuse Academy Of Science Charter School,865,1242
Bronx High School For Law And Community Service,866,1242
Hannibal High School,867,1242
Clyde-Savannah High School,868,1242
Juan Morel Campos Secondary School,869,1242
Nyc Charter High School - Aeci,870,1242
Jefferson Central School,871,1242
Orchard View Alternative High School,872,1242
Eagle Academy For Young Men,873,1242
Lawrence Senior High School,874,1242
Ralph R McKee Career And Technical Education High School,875,1242
Bronx School For Law Government And Justice,876,1242
United Charter High School For Advanced Math And Science,877,1242
Pathways In Technology Early College High School (P-Tech),878,1242
International High School At Lafayette,879,1242
Gregorio Luperon High School For Science And Mathematics,880,1242
Wadleigh Perf And Visual Arts,881,1242
Queens High School Of Teaching Liberal Arts And Sciences,882,1242
Leonardo Da Vinci High School,883,1242
Salmon River High School,884,1242
High School Of Telecommunication Arts And Technology,885,1242
Gorton High School,886,1242
August Martin High School,887,1242
Democracy Prep Endurance Charter School,888,1242
Knowledge And Power Prep Academy International High School,889,1242
Park Slope Collegiate,890,1242
Cascades High School,891,1242
Astor Collegiate Academy,892,1242
Community Health Academy Of The Heights,893,1242
Pelham Preparatory Academy,894,1242
Leadership & Public Service High School,895,1242
Bronx Bridges High School,896,1242
Belmont Preparatory High School,897,1242
High School For Language And Diplomacy (The),898,1242
Washington Heights Expeditionary Learning School,899,1242
Bronx Collegiate Academy,900,1242
Math Engineering And Science Academy Charter High School,901,1242
John Jay School For Law,902,1242
Odyssey Academy,903,1242
Brooklyn Institute For Liberal Arts,904,1242
Inwood Early College For Health And Information Technologies,905,1242
Theatre Arts Production Company School,906,1242
Challenge Preparatory Charter School,907,1242
Newburgh Free Academy,908,1242
Mott Hall V,909,1242
High School For Law Advocacy And Community Justice,910,1242
Minerva Central School,911,1242
High School Of Hospitality Management,912,1242
Global Concepts Charter School,913,1242
Food And Finance High School,914,1242
Voyages Prep-South Queens,915,1242
Brooklyn Frontiers High School,916,1242
Maxine Greene High School For Imaginative Inquiry (The),917,1242
Bellport Senior High School,918,1242
New Dawn Charter High School,919,1242
International High School For Health Sciences,920,1242
Democracy Preparatory Charter School,921,1242
Achievement First Brownsville Charter School,922,1242
Urban Assembly School Of Design And Construction,923,1242
Bronx Academy For Software Engineering (Base),924,1242
Hempstead High School,925,1242
Herbert H Lehman High School,926,1242
Academy Of Hospitality And Tourism,927,1242
South Brooklyn Community High School,928,1242
Newtown High School,929,1242
Queens High School For Information Research And Technology,930,1242
Hillside Arts & Letters Academy,931,1242
Richmond Hill High School,932,1242
Academy Of Medical Technology - A College Board School,933,1242
Claremont International High School,934,1242
Dunkirk Senior High School,935,1242
Bronx Arena High School,936,1242
John W Lavelle Preparatory Charter School,937,1242
City Polytechnic High School,938,1242
Bushwick Community High School,939,1242
Lackawanna High School,940,1242
Binghamton High School,941,1242
Liberty High School Academy For Newcomers,942,1242
Academy For Software Engineering,943,1242
William E Grady Career And Technical Education High School,944,1242
Jacqueline Kennedy-Onassis High School,945,1242
Channel View School For Research,946,1242
Brooklyn High School For Law And Technology,947,1242
Lower Manhattan Arts Academy,948,1242
Grover Cleveland High School,949,1242
High School For Energy And Technology,950,1242
A-Technical High School,951,1242
Urban Assembly School For Music And Art,952,1242
Professional Pathways High School,953,1242
Mott Haven Community High School,954,1242
Democracy Prep Harlem Charter School,955,1242
Aeci Ii: Nyc Charter High School,956,1242
Watervliet Junior-Senior High School,957,1242
Pace High School,958,1242
Stephen T Mather Building Arts And Craftmanship High School,959,1242
Bronx High School For Medical Science,960,1242
Quest To Learn,961,1242
High School For Media & Communications,962,1242
Amityville Memorial High School,963,1242
Academy Of Urban Planning And Engineering (The),964,1242
Bronx Theatre High School,965,1242
High School For Language And Innovation,966,1242
Hillcrest High School,967,1242
Albany High School,968,1242
Ember Charter School,969,1242
Ramapo High School,970,1242
Harlem Prep Charter School,971,1242
United Charter High School For The Humanities,972,1242
East Brooklyn Community High School,973,1242
Voyages Preparatory,974,1242
Flushing High School,975,1242
High School Of Applied Communications,976,1242
High School For Violin And Dance,977,1242
Sunset Park High School,978,1242
Performing Arts And Technology High School,979,1242
Riverside High School,980,1242
Schenectady High School,981,1242
Thurgood Marshall Academy For Learning & Social Change,982,1242
Mount Vernon High School,983,1242
Epic High School - North,984,1242
Frederick Douglass Academy III Secondary School,985,1242
Urban Assembly-Early Coll High School Emer Md,986,1242
High School For Excellence And Innovation,987,1242
Middle Early College High School,988,1242
High School For Public Service-Heroes Of Tomorrow,989,1242
Amsterdam High School,990,1242
United Charter High School For The Humanities IV,991,1242
Nottingham High School,992,1242
Cyberarts Studio Academy,993,1242
Roosevelt High School,994,1242
Heritage School (The),995,1242
Burgard High School,996,1242
High School For Medical Professions,997,1242
Eagle Academy For Young Men Of Harlem,998,1242
Bronx Compass High School,999,1242
Rochester Academy Charter School,1000,1242
School For Excellence,1001,1242
Bronx Studio School For Writers And Artists,1002,1242
New Dawn Charter High School II,1003,1242
Health Sciences Charter School,1004,1242
Pan American International High School,1005,1242
Greenburgh Eleven High School,1006,1242
Frederick Douglass Academy Vii High School,1007,1242
Eximius College Preparatory Academy: A College Board School,1008,1242
Judith S Kaye School (The),1009,1242
Achievement First Crown Heights Charter School,1010,1242
Nuasin Next Generation Charter School,1011,1242
United Charter High School For Advanced Math And Science III,1012,1242
Hero High School,1013,1242
English Language Learners-Inter Supp,1014,1242
Bronx Latin School,1015,1242
Bronx Early College Academy For Teaching And Learning,1016,1242
Bronx Engineering And Technology Academy,1017,1242
In-Technical Academy (Ms/High School 368),1018,1242
Linnaeus W West School,1019,1242
Brooklyn Lab School,1020,1242
Peekskill High School,1021,1242
Brooklyn Academy High School,1022,1242
Manhattan Academy For Arts And Languages,1023,1242
William Cullen Bryant High School,1024,1242
Barack Obama School For Social Justice,1025,1242
Longwood Preparatory Academy,1026,1242
Tapestry Charter School,1027,1242
Long Island City High School,1028,1242
South Bronx Community Charter High School,1029,1242
Cypress Hills Collegiate Preparatory School,1030,1242
Bronx Community High School,1031,1242
Summit Academy Charter School,1032,1242
Brooklyn Preparatory High School,1033,1242
Alfred E Smith Career And Technical Education High School,1034,1242
High School For Climate Justice (The),1035,1242
Health Opportunities High School,1036,1242
North Queens Community High School,1037,1242
Fordham Leadership Academy,1038,1242
Business Of Sports School,1039,1242
Legacy College Preparatory Charter School,1040,1242
Academy For Young Writers,1041,1242
United Charter High School For The Humanities II,1042,1242
Clara Barton High School,1043,1242
Bronx Envision Academy,1044,1242
Mott Hall High School,1045,1242
Academy-Scholarship & Entrepreneurship,1046,1242
American Dream Charter School,1047,1242
Urban Assembly School For Global Commerce (The),1048,1242
Global Learning Collaborative (The),1049,1242
Esperanza Preparatory Academy,1050,1242
World View High School,1051,1242
Explorations Academy High School,1052,1242
Wyandanch Memorial High School,1053,1242
Epic High School-South,1054,1242
Evergreen Charter School,1055,1242
Validus Preparatory Academy,1056,1242
Eagle Academy For Young Men Of Staten Island (The),1057,1242
Harlem Children's Zone Promise Academy II Charter School,1058,1242
Kingsbridge International High School,1059,1242
Brooklyn Community Arts And Media High School (Bcam),1060,1242
International High School At Union Square,1061,1242
Concord High School,1062,1242
Charter High School For Law And Social Justice,1063,1242
United Charter High School For Advanced Math And Science IV,1064,1242
Albany Leadership Charter School For Girls,1065,1242
Inwood Academy For Leadership Charter School,1066,1242
Academy For Health Careers,1067,1242
International High School At Prospect Heights,1068,1242
High School For Law & Public Service,1069,1242
East Williamsburg Scholars Academy,1070,1242
Liberation Diploma Plus,1071,1242
Bronx Academy Of Health Careers,1072,1242
Archimedes Academy-Math Sci Technical,1073,1242
Cambria Heights Academy,1074,1242
Dreamyard Preparatory School,1075,1242
Brooklyn Collegiate: A College Board School,1076,1242
It Takes A Village Academy,1077,1242
Transit Technical Career And Technical Education High School,1078,1242
Research Laboratory High School-Bioinformatic,1079,1242
Innovation Charter High School,1080,1242
American Sign Language & English Secondary School,1081,1242
High School Of Sports Management,1082,1242
Hudson High School Of Learning Technologies,1083,1242
Antonia Pantoja Preparatory Academy - A College Board School,1084,1242
Vertus Charter School,1085,1242
Emerson School Of Hospitality,1086,1242
New World High School,1087,1242
East Bronx Academy For The Future,1088,1242
Harlem Renaissance High School,1089,1242
Marie Curie High School-Nursing,1090,1242
Bronxdale High School,1091,1242
Cultural Academy For The Arts And Sciences,1092,1242
Urban Assembly Bronx Academy Of Letters (The),1093,1242
Bronx Leadership Academy II High School,1094,1242
Leaders In Our Neighborhood Charter School,1095,1242
Schuylerville Preparatory High School,1096,1242
New Design High School,1097,1242
Brooklyn Community High School For Excellence And Equity,1098,1242
Urban Assembly School For Applied Math And Science (The),1099,1242
Origins High School,1100,1242
Urban Assembly School For Collaborative Healthcare (The),1101,1242
Victory Collegiate High School,1102,1242
Heatly School,1103,1242
Queens Preparatory Academy,1104,1242
Unity Preparatory Charter School Of Brooklyn,1105,1242
South Park High School,1106,1242
East Harlem Scholars Academy Charter School,1107,1242
Young Women's College Prep Charter School,1108,1242
Poughkeepsie High School,1109,1242
Academy For Excellence In Leadership,1110,1242
George Westinghouse Career And Technical Educational High School,1111,1242
Life Academy High School For Film And Music,1112,1242
Cinema School (The),1113,1242
Port Richmond High School,1114,1242
Frederick Douglass Academy VI High School,1115,1242
Brooklyn Ascend Charter School,1116,1242
Bronx Regional High School,1117,1242
Frederick Douglass Academy,1118,1242
School For Human Rights (The),1119,1242
Brooklyn School For Music & Theater,1120,1242
Urban Assembly School Of Business For Young Women,1121,1242
Wings Academy,1122,1242
Crotona International High School,1123,1242
Murry Bergtraum High School For Business Careers,1124,1242
New Directions Secondary School,1125,1242
East New York Family Academy,1126,1242
George Washington Carver High School For The Sciences,1127,1242
Women's Academy Of Excellence,1128,1242
High School For Teaching And The Professions,1129,1242
Urban Assembly School For Green Careers (The),1130,1242
Urban Action Academy,1131,1242
Aspirations Diploma Plus High School,1132,1242
High School For Civil Rights,1133,1242
High School For Health Careers & Sciences,1134,1242
Academy For Conservation And The Environment,1135,1242
East Upper High School,1136,1242
Eagle Academy For Young Men III,1137,1242
Niagara Falls High School,1138,1242
High School Of Arts And Technology,1139,1242
Rochester Prep Charter School 1,1140,1242
Bronx School Of Law And Finance,1141,1242
Careers In Sports High School,1142,1242
Young Women's Leadership School Of Brooklyn,1143,1242
Williamsburg Charter High School,1144,1242
Atlas,1145,1242
Urban Dove Team Charter School II,1146,1242
International Preparatory School (The),1147,1242
High School For Service And Learning At Erasmus,1148,1242
Independence High School,1149,1242
Urban Dove Team Charter School,1150,1242
Uncommon Kings Charter School Nyc,1151,1242
Bronx Haven High School,1152,1242
High School For Enterprise Business & Technology (The),1153,1242
Urban Assembly Institute Of Math And Science For Young Women,1154,1242
Jill Chaifetz Transfer High School,1155,1242
Brooklyn Democracy Academy,1156,1242
Bronx Legacy High School,1157,1242
Dream Charter School East Harlem,1158,1242
Capital Preparatory (Cp) Harlem Charter School,1159,1242
Green Technical High Charter School,1160,1242
High School For Law Enforcement And Public Safety,1161,1242
Bronx Design And Construction Academy,1162,1242
Rockaway Collegiate High School,1163,1242
Gotham Collaborative High School,1164,1242
Dr Susan S McKinney Secondary School Of The Arts,1165,1242
Cobble Hill School Of American Studies,1166,1242
Uncommon Brownsville North Charter School Nyc,1167,1242
Buffalo School Of Culinary Arts And Hospitality Management,1168,1242
KIPP Troy Preparatory Charter School,1169,1242
Brooklyn Theatre Arts High School,1170,1242
School 58-World Of Inquiry School,1171,1242
High School For Youth And Community Development At Erasmus,1172,1242
East New York Arts And Civics High School (The),1173,1242
Spring Creek Community School,1174,1242
School Without Walls,1175,1242
Ebc High School For Public Service-Bushwick,1176,1242
Northside Charter High School,1177,1242
Brooklyn School For Social Justice (The),1178,1242
High School For Global Citizenship (The),1179,1242
Uncommon Bed-Stuy West Charter School Nyc,1180,1242
Pelham Lab High School,1181,1242
Western New York Maritime Charter School,1182,1242
Math Science Technology Preparatory School At 197,1183,1242
Rochester Early College International High School,1184,1242
Bronx Career And College Preparatory High School,1185,1242
Lafayette International School,1186,1242
Brooklyn Emerging Leaders Academy Charter School,1187,1242
Henninger High School,1188,1242
George Junior Republic School,1189,1242
Bronxwood Preparatory Academy (The),1190,1242
Frederick Douglass Academy II Secondary School,1191,1242
Mount Pleasant-Cottage School,1192,1242
Bronx Leadership Academy High School,1193,1242
East Community School,1194,1242
Public Service Leadership Academy At Fowler,1195,1242
Brownsville Academy High School,1196,1242
Boys And Girls High School,1197,1242
Corcoran High School,1198,1242
High School For Innovation In Advertising And Media,1199,1242
Metropolitan Soundview High School (The),1200,1242
Teachers Preparatory High School,1201,1242
Riverside Academy High School,1202,1242
World Academy For Total Community Health High School,1203,1242
Progress High School For Professional Careers,1204,1242
Spring Valley High School,1205,1242
McKinley Vocational High School,1206,1242
Research And Service High School,1207,1242
West Bronx Academy For The Future,1208,1242
Brooklyn Laboratory Charter School,1209,1242
Uncommon Excellence Girls Charter School Nyc,1210,1242
Innovation Diploma Plus,1211,1242
Broome Street Academy Charter High School,1212,1242
Multicultural High School,1213,1242
Fdny-Captain Vernon A Richards High School,1214,1242
Brooklyn High School For Leadership And Community Service,1215,1242
Mott Haven Village Preparatory High School,1216,1242
Urban Assembly School For Media Studies,1217,1242
Eugenio Maria De Hostos Charter School,1218,1242
University Preparatory Charter School For Young Men,1219,1242
Bronx Aerospace High School,1220,1242
Urban Assembly School For The Performing Arts,1221,1242
Khalil Gibran International Academy,1222,1242
Urban Dove Team Charter School IV,1223,1242
Pathways Academy,1224,1242
Bushwick Leaders High School For Academic Excellence,1225,1242
Nelson Mandela High School,1226,1242
School For Classics High School,1227,1242
Joseph C Wilson Magnet High School,1228,1242
James Monroe Upper School,1229,1242
Metropolitan High School (The),1230,1242
Brooklyn Academy Of Global Finance (The),1231,1242
Opportunity Charter School,1232,1242
Rockaway Park High School For Environmental Sustainability,1233,1242
Randolph Academy,1234,1242
Bronx High School Of Business,1235,1242
High School For Contemporary Arts,1236,1242
Franklin Upper School,1237,1242
Edison Career And Technology High School,1238,1242
Northeast College Preparatory High School,1239,1242
Urban Dove Team Charter School III,1240,1242
Academy School,1241,1242
Ontech Charter High School,1242,1242